カード番号,位置,日本語キーワード,読み,英語キーワード,グループ,象意,色,方位,時,カードからのメッセージ,キセキのレシピ,アファメーション
1,①－１,私,わたし,I,１グループ,陰極,黒,北,子（0時）,あなたの宇宙はあなたがいなければ存在しません。 | ①の部屋では、あなたがあなたの本質である至福を思い出すための魔法が記されています。 | 宇宙をどう解釈してどう経験するかはすべてあなたに委ねられています。 | あなたらしくあなたの至福を体現するために、あなたは存在しています。,あなたが自分自身を世界で一番大切にすると決断しましょう。 | あなたが自分を大切にできると、他の人も同じように大切にできます。 | あなたが許可すれば、あなたは全てを手に入れられます。 | あなたが『ゆるゆる』することで、あなたの自然治癒力は高まります。,私が真実の愛を自分から出せば、受け取るものは真実の愛です。 | 私は私自身に無条件の愛を注ぎ、エゴのドラマの夢から目覚めます。 | 私は私を大切にするのと同じように全ての存在を大切にします。 | 私が自分の魂の声を聴く本当の私でいることが、私にとっても宇宙にとっても大きな喜びです。
2,②－１,自尊,じそん,Self-Esteem,,,,,,あなたの雰囲気はあなたの言葉よりも大きな影響力を持っています。 | あなたの雰囲気を③の部屋ではどのように宇宙と調和させて、空（くう）の意識になるかの魔法が記されています。 | エネルギー（氣）のコントロールができると、あなたが望むように雰囲気を調整できます。,あなたが自分を大切にすれば、ゆったりと落ち着いた雰囲気になります。 | あなたの落ち着いた雰囲気は、新緑のように癒しを感じさせます。 | あなたが環境を整えて良い雰囲気になれば、豊かさはあなたのものです。 | あなたが落ち着いた雰囲気を選択することは、宇宙とっての喜びです。,私がどのような雰囲気でいるかの選択は全て私に委ねられています。 | 私はグラウンディング、センタリングを行い、雰囲気を整えます。 | 私は雰囲気が思考や言葉以上に影響力があることを知っています。 | 私は呼吸を深くして、ゆったりした雰囲気でいることを選択します。
3,③－１,雰囲気,ふんいき,Atmosphere,,,,,,あなたは自分を本当の意味で大切にして、自分をエゴのドラマの夢から目覚めさせます。 | ②の部屋ではあなたが自分を本当の意味で大切にして思い出す『ゆるゆる』への道の魔法が記されています。 | あなたが自分を十分に満たすと、あなたの周囲へあなたらしい愛『ゆるゆる』が自然に広がっていきます。,あなたがあなた自身を大切にすることを許可してあげてください。 | あなたがあなたを大切にすることが、全てが末永く幸せになる第一歩です。 | あなたがあなたを大切にし始めれば、愛の循環が始まります。 | あなたの魂の青写真をキャンセルして、イマココの意図を上げましょう。,私は私自身を尊び大切にすることが、宇宙にとっても大きな喜びだと知っています。 | 私は私を満たして『ゆるゆる』を自然に広げていきます。 | 私は他人に対しても自分に向けた尊敬の念と同じ思いをもって接します。 | 私はプライドではなく本当の意味で自分を大切にします。
4,④－１,観察,かんさつ,Observation,,,,,,観察することによりあなたは『意図→ゆるゆる→行動』のマスターになります。 | ④の部屋では『意図→ゆるゆる→行動』をするための観察の魔法が記されています。 | あなたがありのままを観察をして行動ができるようになれば、あなたの人生は驚くようなスピードで変化していきます。,あなたが温かい目で観察すれば観察されたものは『ゆるゆる』になります。 | あなたが第三者の目で自分自身を観察すると気づきが生まれます。 | あなたは全て人がその人の正しさで判断していることを見つけます。 | あなたがあなたの望む未来から自分を観察をしましょう。,私は父性の本質『できるよ』、母性の本質『はぐくむ』の感性をもって全てを温かく観察します。 | 私は結果とともにその原因も時空を超えて観察します。 | 私は全てがひとつに戻るハッピーエンドな未来をイメージしながら観察します。このイメージが私の意図の現実化を早めます。
5,⑤－１,心臓,しんぞう,Heart,,,,,,あなたの宇宙の中心に位置するのは、あなたの心臓です。 | あなたの心臓は全ての答えを知っています。選択の時点で心臓がゆるむ感じがするか、キュッとちぢむ感じがするかに意識を向けてください。 | ⑤の部屋ではすべての中心であるあなたの心臓と、ワンネスが繋がる魔法が記されています。,あなたが心臓で選択をすると全ての存在が幸せになります。 | あなたの脳で考えた努力と忍耐を手放しましょう。 | あなたが『なんとなく、しっくりくる』メッセージに従えばＯＫです。 | あなたの心臓の出す周波数に応じた現実が、あなたの周りに展開します。,私は損得や合理性などの判断を手放し、心地よさやなんとなくしっくりくるという心臓からのサインに従って選択します。 | 私は私の宇宙の中心に自分の心臓があることを知っています。 | 私は心臓の波動を整えるために、自分の心地よさで選択をします。
6,⑥－１,波紋,はもん,Ripple,,,,,,あなたの上げた意図は不安と恐怖に消されない限り現実化します。 | ⑦の部屋では、不安と恐怖を見つめられるように離れる項目7つが記されていて、涅槃（ねはん）に至る魔法が記されています。 | あなたが⑦の部屋にあるものから離れることができた結果、あなたの意図の現実化が加速します。,あなたがこれら7つの項目から離れれば、不安と恐怖を見つめられます。 | あなたが不安と恐怖だと思っているものは、見つめれば消えます。 | あなたは7つのものを手放すと、本当の豊かさを手に入れます。 | あなたはその結果、平和と豊かさのある涅槃へ至ります。,私はエゴの欲求を満たす次元から、全体最適の次元へシフトします。 | 私は7つの項目から離れて次元をシフトします。 | 私はこの生き方が不安や恐怖を減らすことを知っています。 | 私は私の魂の声を聴いて私の未来を現実化させていきます。
7,⑦－１,離,り,Separation,,,,,,あなたの周りにはあなたの真実が波紋のように広がっていきます。 |  ⑥の部屋ではあなたの波紋を広げて、宇宙の究極の祝福魔法『よきかな～』の波紋を広げる方法が記されています。 |  あなたとあなたの周囲が末永く幸せに暮らす波紋を広げるマジックワードは『よきかな～』です。祝福の輪を広げていきましょう。,あなたが宇宙の中心です。あなたから波紋が広がります。 | あなたが『よきかな～』と祝福することが全てにとって喜びです。 | あなたが価値観の変化を体現すると、周囲にその波紋は広がっていきます。 | あなたの心臓に従った『ゆるゆる』な生き方へシフトしましょう。,私は私のエネルギーの状態が宇宙全体に波紋を広げ、影響を与えることを知っています。 | 私が 『ゆるゆる』の温かいエネルギーを維持すれば、自分の周りに幸せと豊かさの波紋が広がっていきます。 | 私は自分の心臓に答えを求めて心地よい波紋を広げていきます。
8,⑨－１,魂,たましい,Spirit,,,,,,全体最適の答えを知っているのはあなたの魂。魂はハイヤーセルフと言い換えることができます。 | ⑧の部屋ではあなたが魂の声を聴いて、しっくりするための魔法が記されています。 | 私たち魔法使いはあなたがサインに気づくように、時空を超えて様々な形であなたにメッセージを伝えています。,あなたが魂の声を聴けば、豊かな人間関係を育めます。 | あなたが魂の声を聴けば、健康で幸福な人生を歩めます。 | あなたは魂の声を聴く生き方へシフトできます。すべては選択です。 | あなたは体感覚を通して魂の声を聴くことができます。,私の魂は宇宙に直結していて、全体最適の答えを知っています。 | 私は頭脳で考えた自分最適ではなく、魂が示す全体最適を選びます。 | 私は魂の選択をして、奇跡が起きてくるのを楽しみます。 | 私は体感覚を通して魂の声を聴きます。
9,⑧－１,映像化,えいぞうか,Visualization,,,,,,⑨の部屋では意図が叶う映像化の魔法が記されています。 | 人間は意図したことを経験し、その経験を通して感情を味わうためにこの三次元に生きています。 | こんなこと意図してないのにとあなたが感じるのなら、その意図はあなたが生まれる前に意図したあなたの魂の青写真に刻まれています。,あなたが状況を五感を使って映像化するほど、意図は確実に現実化します。 | あなたが映像化したものは、不安と恐怖がなければ現実化します。 | あなたは生まれる前に意図として自分の魂の青写真を作りました。 | あなたは魂の青写真の代わりに、イマココの意図を上げられます。,私は自分の意図をありありと映像化して自分のキャンバスに描きます。 | 私はあげた意図は不安と恐怖がなければ現実化することを知っています。 | 私は今の現実を変えたいので、意図をあげて『ゆるゆる』して行動します。 | 私は不安と恐怖に対処することにより、望む意図を現実化させます。
10,①－2,愛,あい,Love,2グループ,第一チャクラ,赤,南東,坤（15時）,この宇宙に広がっている全てのエネルギーは愛です。 | ビックバン一秒前の原点にあったのは創造主の意識だけです。 | ビックバンから時間と空間が生まれました。 | その時あった材料が愛。宇宙はビックバンから138億年かけて、愛が広がり続けています。,あなたも宇宙も愛でできていて、愛は無限に存在しています。  | あなたが愛を経験するために、愛を忘れ愛を得るという体験が必要でした。 | あなたの愛は蝋燭の炎のように、灯しても減ったり消えたりすることなく増え続けます。,私は宇宙は愛でできていて、愛が無限であることを知っています。 | 私は私の生まれながらの性質である愛を私らしく表現していきます。 | 私は私を大切にし、私をありのまま無条件に愛します。 | 私は自分を愛すのと同じように、自分以外を愛します。もともとはひとつだったので、自分を愛すのと同じことです。
11,②－2,経験,けいけん,Experience,,,,,,あなたが循環を意識すれば、心地よい雰囲気でいることは簡単です。 | 死海には出口がなく循環しません。循環することのない湖の水は命が存在できないほどの塩分の濃さになっています。 | グラウンディング、センタリングは宇宙のエネルギーを循環させます。 | あなたが循環をして宇宙とエネルギーを交換するようになれば、あなたの雰囲気は柔らかく温かくなります。,あなたはあなたの愛を循環させるチャンスに恵まれています。 | あなたの愛ある『おはよう』のひと言から全ての循環が始まります。 | あなたから出したものは全てあなたに循環します。減ることはありません。 | あなたの雰囲気、眼差し、言葉であなたの豊かな循環を広げましょう。,私は愛を受け取り私らしく手渡す循環に、真剣に取り組みます。 | 私は全ての人の全ての行動が愛を求めるか、愛を表現するためのものだと知っています。 | 私は全ての人の愛の表現や愛の渇望をジャッジしません。 | 私は私の真実の愛を私らしく循環します。
12,,循環,じゅんかん,Circulation,,,,,,あなたは全ての経験を通して全ての感情を味わうために生まれてきました。 | 表しかない紙はありません。善を経験するためには悪が必要でした。 | 元々はビックバンの一点から始まった私たち。すべての経験をするために、意識を分離させて、エゴのゲームの夢を見ていました。 | 元々ひとつであった存在が分かれて全てを経験した後には、分かれた存在が最初はひとつだったことを思い出します。,あなたが感情を味わえたのは、役を演じてくれた人がいたからです。 | あなたが経験と感情に満足し感謝すれば、あなたは簡単に目覚めます。 | あなたも目覚めてワンネスの感覚に生きることができます。 | あなたがイマココで目覚めるために先祖全員の命がありました。,私は全ての経験を通して、全ての感情を味わいたいと欲しました。 | 私は私の人生に参加してくれた全ての人たちに心から感謝します。 | 私は全ての経験と感情を味わい尽くしました。 | 私は目覚めることを選択します。
13,④－2,エネルギー,えねるぎー,Energy,,,,,,エネルギーは氣や感じと言い換えることができます。 | 人間は求めるものを得るために対価を支払います。表向きはモノやサービスですが、実際に求めるものはその背後にあるエネルギーです。 | 出したものが返ってくるのが宇宙の法則。よい感じやよい雰囲気の中で行動すれば、受け取るものはよいものだけです。,あなたが緩んだエネルギー状態でいることが愛そのものです。 | あなたは温泉のように湧き出る愛のエネルギーに直結しています。 | あなたは思い出すだけで、無限の愛のエネルギー循環ができます。 | 愛溢れる未来のあなたのエネルギーをイマ循環しましょう。,私は『ゆるゆる』が愛そのものであることを知っています。 | 私は『ゆるゆる』なエネルギー状態です。 | 私が『ゆるゆる』なエネルギー状態を維持することは簡単なことです。 | 私は私が『ゆるゆる』なエネルギー循環をすれば、私のエネルギーが増えていくことを知っています。
14,⑤－2,湧出,ゆうしゅつ,Gush Out,,,,,,宇宙に存在しているエネルギーは、マグマや温泉のように絶え間なく湧き出る愛のエネルギーです。 | 努力することなく自然に拡大していくのが宇宙と愛の本質。 | あなたが愛のエネルギーに直接つながれば、努力や無理は必要ありません | アゴを少し上げ顔を緩めて体感覚を感じると、あなたの思考は止みます。,あなたはあなたらしく、ただあなたの愛を表現してください。 | あなたは個性を発揮するための力を持っています。 | あなたがあなたの力を発揮することは、自然で簡単なことです。 | あなたが『ゆるゆる』なエネルギーの状態でいれば全てが輝きはじめます。,私はマグマや温泉のように、無限に湧き出る宇宙と地球の愛のエネルギーにつながります。 | 私は自分の個性を表現して、愛を自分らしく伝えます。 | 私は愛を伝えることにより、豊かさを受け取ります。 | 私は私が持つオリジナルの力を発揮して愛を伝えていきます。
15,⑥－2,純粋,じゅんすい,Pure,,,,,,目に見える命は限りがあります。三次元の肉体しかなければ、ただ単に消費して終わるだけの一度キリの人生です。 | 肉体は滅んでも魂は生き通し、あなたは永遠の命を持っています。 | 魂は生き通しだと知ると、三次元の目に見える命への執着から離れることができます。そして命はより豊かに輝きはじめます。,あなたの命はあなたに使い方が委ねられています。 | あなたが命への執着から離れると、不安と恐怖を見つめることができます。 | あなたが自分を尊ぶことにより、あなたは目覚めることができます。 | あなたが目覚めることにより、周囲に調和が広がっていきます。,私は肉体の命が有限だから、感情が生まれることを知っています。 | 私は肉体のもつ命に敬意を払い、感謝をもって日々を生きていきます。 | 私は魂が永遠の命を持つことを知っています。 | 私は永遠の命だと知ることにより、不安と恐怖を見つめることができます。
16,⑦－2,命,いのち,Life,,,,,,宇宙の波紋の中で最も純粋な波紋は、ビックバン一秒前に創造主が描いた宇宙の設計図の波紋です。 | 138億年前に創造主の意識の中に描かれた意図が、純粋な波紋として広がり続けています。 | あなたが自分の意図の純粋度を上げれば、あなたの意図の叶うスピードは上がっていきます。,あなたにはあなたにしか刻めない純粋な波紋のカタチがあります。 | あなたの純粋な波紋は、心臓を意識して魂とつながった時に広がります。 | あなたが理由や根拠もなくただやりたいことをやるのが、純粋さです。 | あなたが見る自然の美しさに、創造主の意図の純粋さを見つけられます。,私は宇宙が創造主の純粋な波紋による意図でできていることを知りました。 | 私は自分の力を活かして、オリジナルの純粋な波紋を広げていきます。 | 私は私の純粋な波紋を広げて豊かさを受け取ります。 | 私はただやりたいという純粋な思いに従って行動します。
17,⑨－2,体感覚,たいかんかく,Somatic Sensation,,,,,,あなたは目に見えない魂のメッセージを体感覚によって受け取ります。 | 魂の声を聴く生き方へシフトするために、体感覚へ意識を向けましょう。 | なんとなくいい感じがする、ゆるむ⇔なんとなく悪い感じがする、キュッと縮むという体感覚に意識を向けてみましょう。 | あなたは体感覚で『ゆるゆる』を感じてそれを表現できます。,あなたは体感覚を通して魂のメッセージを受け取っています。 | あなたの損得や合理性に基づく思考は、あなたに不調和をもたらします。 | あなたは体感覚に従った選択で、愛あふれた道を選ぶことができます。 | あなたの直感に間違いはありません。思考で直感を消さないでください。,私は体感覚を感じて魂のメッセージを受け取ります。 | 私は魂のメッセージを聴いて直感で選択をします。 | 私の魂につながった『ゆるゆる』な選択は自分と周りの命をみずみずしく輝かせていきます。 | 私はアゴを少し上げて顔の力を抜いて体感覚を感じます。
18,⑧－2,躍動,やくどう,Lively,,,,,,あなたが状況をいきいきと躍動感のある状態で描けば、意図は確実に現実化します。 | 新緑の伸びる様子や、生き生きと活動する野生動物の姿にあなたは躍動感を感じます。 | 未来の情景の色や形、香りや聞こえてくる音、感じる雰囲気をあなたが躍動感を感じながら具体的に映像化してみましょう。,あなたは10～17のカードを実行したときに躍動感を感じています。 | あなたが命の息吹を体感しながら意図を上げれば、それは現実化します。 | あなたが躍動する豊かさを意図し現実化することは、宇宙の願いです。 | あなたの愛を躍動感をもって表現し、豊かさを受け取りましょう。,私は宇宙が愛と命と躍動感に満ちていることを知っています。 | 私が宇宙の躍動感の波動に合わせた純粋な意図を上げれば、意図は現実化することを知りました。 | 私は私が豊かさを受け取る意図を上げて豊かさを現実化し、それを循環させます。
19,①－3,喜び,よろこび,Joy,3グループ,第二チャクラ,オレンジ,東,卯（6時）,あなたが自分の魂にとって喜びとなることを行うことが宇宙の喜びです。 | 喜びのモノサシは『人の不幸は蜜の味』など思考によってゆがめられている場合があります。 | 思考を手放し体感覚に意識を向けてみましょう。魂の喜びのモノサシに『人の不幸は蜜の味』がないことに気が付きます。,あなたが魂の喜びを表せば、ありのまま無条件の愛と共にあります。 | あなたは魂の喜びを感じ、表現するために生きています。 | あなたは魂の喜びを表現することにより、周囲に調和を広げていきます。 | あなたが魂の喜びと共にあれば、周囲の人が目覚めていきます。,私は私の魂が喜びと感じることだけをします。 | 私は自分の魂の喜びを大切にし、全ての人の喜びにも敬意を払います。 | 私は魂の喜びを感じながら生きていきます。 | 私は自然と周りにありのまま無条件の愛を広げていきます。
20,②－3,好み,このみ,Preference,,,,,,あなたが心地よさを感じている時『ゆるゆる』した心地よい雰囲気をまとっています。 | 損得や合理性ではなく、あなたの心地よさで選択をしましょう。 | ビックバン一秒前の原点を意識すれば、心地よさはいつもそこにあります。 | 心地よさの周りには豊かさと幸せがあふれています。,あなたの魂の声を聴く生き方をすれば、あなたは心地よさを感じます。 | あなたが心地よく生きれば、豊かさと健康はあなたのものです。 | あなたが心地よさを感じているとき、あなたは魂とつながっています。 | あなたが原点の愛を思い出すだけで、心地よさを感じることができます。,私は自分が心地よい選択をします。 | 私は心地よさを感じられるように環境を整えていきます。 | 私は私が自分の内側を心地よさで満たせば、周囲の環境が自然に整うことを知っています。 | 私は自分の心地よさを広げて、豊かさを受け取ります。
21,③－3,心地よさ,ここちよさ,Comfort,,,,,,あなたが自分を大切にするために自分の好みを最優先しましょう。 | 100人いれば100通りの好みがあります。あなたが自分の好みを大切にすれば、人の好みも大切にすることができます。 | 好みは依存や執着とは違っていて、軽さや柔らかさがあります。可能な範囲で好みを大切にしましょう。,あなたが好みを大切にすると、周囲には心地よさや快適さが広がります。 | あなたが好みを明確にすると、より心地よい環境が広がっていきます。 | あなたの好みの波動に応じたヒト・モノがあなたの周りに集まります。 | あなたが自分を大切にすると、豊かさが広がっていきます。,私は私自身の好みを大切にして、私と私の周囲に幸せと豊かさを広げていきます。 | 私は私の好みを大切にするので、他人の好みを大切にすることができます。 | 私は『強いて言えば』と自分に問いかけて、好みを明確にしていきます。 | 私は執着を好みに変えて軽さや柔らかさを手に入れます。
22,④－3,責任,せきにん,Responsibility,,,,,,責任は英語でResponsibility。Response（反応する）＋Ability（能力）です。あなたが出来事に対して、前向きに対応する能力が責任です。 | 起きる出来事をコントロールすることはできません。起きた出来事にどう対応するかはあなたがコントロールできます。 | 安心してください。『人間万事塞翁が馬』、『全ての逆境はそれと同等かそれ以上の利益の種を含んでいる』というのは宇宙の真理のひとつです。,あなたが責任を取り始めると、あなたの周囲には調和が広がります。 | あなたはどのような出来事に対しても、最適な対応をすることができます。 | あなたが責任を取れば、あなたは豊かさと健康と共にあります。 | あなたの逆境には、それと同等かそれ以上の利益の種を含んでいます。,私は父性の本質『できるよ』と、母性の本質『はぐくむ』の感性をもって全てを温かく観察し、出来事に対して前向きに対応する責任を取ります。 | 私はこの責任を取る力が、私の宇宙の全てを変える力を持っていることを知っています。 | 私は無力なフリを続けることをやめ、私の本来の力を発揮します。
23,⑤－3,あたえる,あたえる,Giving,,,,,,無限に湧き出るエネルギーをあたえることにより、あなたは豊かさを手に入れます。 | あなたが両親からあたえて欲しかったありのまま無条件の愛を、あなたが自分自身にあたえましょう。あなたがただ許可するだけでそれは可能です。 | あなたが魂の青写真に経験したいことと、味わいたい感情を記しました。今日までの全ての経験と感情はあなたが青写真で意図した通りでした。,あなたがありのまま無条件の愛であなたを包むことが全ての始まりです。 | あなたは今まで全てあなたの意図通りの人生を生きてきました。 | あなたが多くを受け取りたければ、周囲に多くをあたえましょう。 | あなたの愛は無限です。あなたの愛を大盤振る舞いしましょう。,私は宇宙が時計のように経験と感情を生むために、精密に動いていることを知っています。どの役柄の人も必要で大切な存在です。 | 私は私自身に対してありのまま無条件の愛をあたえます。 | 私は自分自身にあたえた、ありのまま無条件の愛を周囲に広げて豊かさを受け取ります。
24,⑥－3,ほっこり,ほっこり,Relief,,,,,,人は安定を求めて変化しないことが安心だと感じています。 | 地球はすごいスピードで宇宙を移動しています。 | 月は自転周期と地球を回る公転周期が同じなので、いつも同じ面を地球に向けて安定しています。 | 本当の安定は、月のように変化し続けることで得ることができます。,あなたは魂の声を聴いて変化を楽しみ、本当の安定を得てください。  | あなたが地球規模の視点を持てば、本当の安定を経験します。 | あなたが『ゆるゆる』していれば、自然に変化します。 | あなたは毎瞬、量子的飛躍をしている素粒子が集まった存在です。,私は『ゆるゆる』してしなやかに変化し続けます。 | 私は魂の声を聴いて変化をしつづけ、自分が求める安定を手に入れます。 | 私は季節に応じた旬のものを食事に取り入れ、健康を増進します。 | 私は変化し続けて豊かさと幸せと共にあることを選びます。
25,⑦－3,安定,あんてい,Stable,,,,,,あなたがほっこりした温かく感じる波紋を広げていくことは、周囲に幸せを振りまくことと同じ意味です。 | 命はもともと温かいので純粋に命のエネルギーに繋がれば、ほっこりすることは自然なことです。 | あなたがほっこりした状態に戻るためのスイッチを押しましょう。アゴを上げて顔の力を抜くことかもしれませんし、深呼吸かもしれません。,あなたがほっこりスイッチを押せば、ほっこりできます。 | あなたがほっこりした雰囲気を周囲に広げ、豊かさを受け取ってください。 | あなたが魂の声を聴いていれば、いつもほっこりしていられます。 | あなたのほっこりが世界平和につながっています。,私はほっこりしているので、私の周囲にほっこりを広げていきます。 | 私は『ゆるゆる』ほっこりしているので、周りに幸せと豊かさの波紋が広がっていきます。 | 私のほっこりは豊かさと健康に繋がっています。 | 私はいつでもほっこりスイッチを押して、ほっこりできます。
26,⑨－3,幸福,こうふく,Happiness,,,,,,あなたの魂が求めているコトを体験し、求めているモノを手に入れることで、あなたは幸福を感じます。 | 自分が何に幸福を感じるのかは百人百様です。 | あなたが自分の幸福を実現するために、あなたの魂の声に耳を傾けて選択をしましょう。,あなたがエゴのゲームの夢から覚めることは、あなたの魂が望んでいます。 | あなたがビックバン一秒前の原点で、あなたの魂の青写真を書きました。 | あなたがあなたになるためには、先祖全員の経験と感情が必要でした。 | あなたがイマココで幸福であれば、先祖全員も幸福です。,私は全ての人が最適最善な幸福への道を歩んでいることを知っています。 | 私は不調和に見えることも、大調和のための通過点だと知っています。 | 私は経験を通して全ての感情を味わったので目覚めることを選択します。 | 私は自分が目覚めることにより全体最適な幸福の波紋を広げます。
27,⑧－3,畏敬,いけい,Awe,,,,,,大自然の景色を見て息をのむ瞬間、真っ赤な夕日が海に落ちていく瞬間、あなたは畏敬の念を自然に感じています。 | 自然に対して感じている畏敬の念を、あなたはすべての命に向けることができます。 | あなたが向けた畏敬の念は奇跡の材料です。,あなたは19～26のカードを実行したときに畏敬の念を感じます。 | あなたがあなたとして生まれてくる可能性は宝くじよりも低い確率でした。 | あなたが抱いた畏敬の念は波紋のように周囲に広がっていきます。 | あなたが畏敬の念を抱くと、奇跡が起きます。,私は宇宙に命の奇跡がちりばめられていることを知っています。 | 私は命の奇跡を畏敬の念をもって見つめます。 | 私は私が見た通りに物事が現実化することを知っています。 | 私が畏敬の念をもって映像化したことは、畏敬の念を伴って現実化します。
28,①－4,力,ちから,Power,4グループ,第三チャクラ,黄色,南東,巽（9時）,全ての人間は等しく力を持っています。力は使わないと発揮されません。 | あなたが力や達成感を体感するために、一度力を忘れて無力になる必要がありました。 | 力はすでに持っているので、いつでも思い出して使うことができます。 | 力は繰り返し使うことにより、強くなります。,あなたが力を使うことを選択し、循環させれば豊かさになります。 | あなたが達成感を手放せば、力は発揮され目的がスムーズに達成されます。 | あなたが力を使うと決めれば、それに応じた状況が起きてきます。 | あなたが使いたい力を持つ人をオマージュすれば、その人の持つ力はあなたのものです。,私は『私ほど○○な力を持っている人は他にはいません』と宣言して、様々な力を自分のものとして使っていきます。 | 私は力を持っています。私はその力を思い出し使うだけです。 | 私ほど私の人生を思い通りに生きる力を持った人は他にはいません。 | 私は自身の力を使って私らしく豊かになっていきます。
29,②－4,感情,かんじょう,Emotion,,,,,,父性の本質を一言であらわすと『できるよ』となります。 | 『できるよ』というのは時間を超える能力です。 | 相手の可能性を信じ、ゴールに到達することを信じ、無条件に応援する言葉です。 | あなたが未来の時間をイマココで観てそれをありありと描き、相手にあなたの知っている未来を『できるよ』と応援する姿勢です。,あなたの『できるよ』は相手をゴールに連れていく魔法です。 | あなたは未来からイマココを見て言葉を紡ぎます。 | あなたの描いた未来と意図はイマココにあります。 | あなたが『できるよ』と思うだけですべてがスムーズに進みます。,私は自分が『できている』未来を明確にイメージして、その未来から、『できるよ』の父性の本質で全ての人々を応援します。 | 私は意図したことは不安や恐怖がなければ、実現することを知っています。 | 私は温かい『できるよ』の姿勢で意図の実現をサポートします。 | 私の『できるよ』の雰囲気は周囲に癒しを広げます。
30,③－4,できるよ,できるよ,You Can Do It!,,,,,,経験を通して人間は感情を味わいます。あなたの肉体が滅んで持って帰れるのは、少しの経験の記憶と感情だけです。 | 不安と恐怖が動機ならば、あなたは不安と恐怖を結果として受け取ります。 | 経験を通して感情を味わうことがあなたの第一の目的です。 | あなたは世界で起きていることは、何ひとつジャッジできないことに気が付きます。経験を通して、感情を味わうことが第一の目的だからです。,あなたは経験を通して感情を味わうために生まれてきました。 | あなたは感情に流されることも、感情を流すことも選択できます。 | あなたの魂の声を聴けば、感情を流すことは簡単です。 | あなたは感情に流されれば、魂の青写真、エゴのゲームに没頭できます。,私は全ての経験を通して全て感情を味わうために生きています。 | 私が味わった感情はもう十分となった時点で、トイレに流すように流してしまいます。 | 私は不要な感情を流してため込まないことにより、私の人間関係や健康に調和をもたらしていきます。
31,④－4,関数,かんすう,Function,,,,,,関数はコーラのボタンを押せばコーラがでる自販機に例えられます。 | この世界はすべて原因と結果で、その間には一定の関数が存在しています。 | どのような関数が存在しているかを見つければ、あなたが結果を得るのは簡単です。 | どのボタンを押して何が出てきたのかを観察しましょう。,あなたはなぜコーラなんだと嘆く前に、ボタンを押した事に気が付きます。 | あなたが関数を見つければ見つけるほど、あなたは洗練されていきます。 | あなたが関数を見つけるためには冷静な第三者の視点で眺めましょう。 | あなたは意図と行動が関数のだいじな要素であることに気づきます。,私は自分が出したものを受け取るという宇宙の関数に敬意を払います。 | 私は人に影響を与えている関数を観察します。 | 私は関数を観察して出来事の奥にある意図を見つけます。 | 私は私が望むものだけを私から出すことを意図します。
32,⑤－5,因果,いんが,Cause and Effect,,,,,,結果を変えたいなら、イマ起きていることを抵抗しないでそのまま受け取ってください。 | そのまま受け取ればあなたは冷静に関数を見出すことができます。 | 愛と調和に基づいてあなたの意図を上げれば、あなたの望む未来が現実化します。,あなたの受け取った現実は、あなたが過去に意図した結果です。 | あなたの魂の青写真にあなたの人生の意図の全てが刻まれています。 | あなたは結果を変えようとイマ足掻いても、何も変えることはできません。 | あなたができることは結果を受け取り、新たな意図を上げることです。,私は因果の法則が宇宙を支配していることを知っています。 | 私はその結果が起きた原因に意識を向けます。 | 宇宙で起きていることは138億年前に創造主が意図したことです。 | 私は魂の青写真を私の意図によって上書きできるので、魂の青写真をキャンセルして今の自分が望むように上書きします。
33,⑥－4,ユーモア,ゆーもあ,Humor,,,,,,道を極めた達人は想像を絶するような努力を積み上げています。その人自身にとっては、純粋に『やりたいからやり続けてきたこと』です。 | 達人は『ネバベキ』の努力から離れています。 | 奇跡は人との出会いからはじまります。 | 人との出会いに努力は必要ありません。,あなたは自分に努力を要求するのを止めましょう。 | あなたがやりたいと思うようになるまで、ゆっくり観察しましょう。  | あなたの努力を超えたところに全てのストーリーの鍵があります。 | あなたがその鍵を手に入れるためには、思考による努力を止めて魂の声を聴くことをはじめましょう。,私は思考による努力から離れて私の魂の声を聴きます。 | 私は魂の声を聴いて純粋にやりたいことを続けます。 | 私はやりたいからやる、させていただいてありがたいという姿勢で行動して心地よい雰囲気でいることを選択します。 | 私はやりたいからやるを続けて、想像もできない未来に到着します。
34,⑦－4,努力,どりょく,Endeavor,,,,,,人を和ませる笑い、ユーモアは温かく柔らかい波紋を周囲に広げます。 | 深刻さから離れ真剣さの中にユーモアを見出しましょう。 | どんなに深刻に見えるような状況でも第三者の視点で見るとユーモアの種を見つけることができます。 | ユーモアは可愛さを連れてきます。ユーモアあふれるあなたは人から可愛いといわれるでしょう。,あなたにはあなたのユーモアのセンスがあります。 | あなたが人を笑顔にすれば、あなたはドンドン豊かになっていきます。 | あなたが持つユーモアが周りにリラックスを広げます。 | あなたが『ゆるゆる』してユーモアを広げることが宇宙の喜びです。,私はユーモアが私と周囲に豊かさをもたらすことを知っています。 | 私のユーモアは周囲に『ゆるゆる』した幸福感をもたらします。 | 私はユーモアと一緒なのでいつもリラックスしています。 | 私は私が笑顔でいることが、周囲に笑顔を広げていくことを知っています。
35,⑨－4,八紘一宇,はっこういちう,Peace On Earth,,,,,,日本の建国の精神である八紘一宇。八紘（世界）を一宇（ひとつの家）と見立て、父親が家を守るような、強きものが弱きものを守る世界。 | 建国の精神が世界の存続、世界平和の実現にかなっているので、日本が世界最古の国として歴史を刻んできました。 | 日本の建国の精神を今こそ実現する時がきています。八紘一宇実現の第一歩として自分平和を現実化しましょう。,あなたがこの日本に生をうけた理由はあなたの魂が知っています。 | あなたが持つ影響力の大きさに驚かないでください。 | あなたは八紘一宇を実現するためにこの世界に生まれてきました。 | あなたは自分平和の実現、自分の家族の平和の実現を通して、豊かさを　ドンドン広げていきます。,私は八紘一宇を建国の精神としたからこそ、日本が世界で最も古い国として残っていることを知っています。 | 私は自分をありのまま無条件に愛して自分平和を現実化します。 | 私は自分平和を周囲に広げて日本の建国の精神『八紘一宇』の担い手の一人となります。
36,⑧－4,らしさ,らしさ,Uniqueness,,,,,,百人いれば百人が描く未来があり百人の『らしさ』があります。 | すべての人が『らしさ』を発揮すると調和するように宇宙はできています。 | あなた『らしさ』を追求すると、あなたにしかできない貢献ができます。  | あなたの外見と内面の『らしさ』でしか経験できないことと、味わうことのできない感情があるから、あなたはあなたを選びました。,あなたは28～35のカードを実行したときに『らしさ』を感じています。 | あなたが心地よさを掘り下げていけば、あなたらしさに磨きがかかります。 | あなたは未来に洗練されたあなたらしさを体現しています。 | あなたの未来からイマのあなたにメッセージをもらいましょう。,私は経験を通して味わいたい感情を、私の魂の青写真に記しました。 | 私は私の外見と内面をもってしか経験できないことを、イマココで経験して感情を味わっています。 | 私は私らしさを表現することが、宇宙全体の喜びだと知っています。私は私らしさを発揮します。
37,①－5,原点,げんてん,Origin,5グループ,第四チャクラ,緑,中央,－,この宇宙の原点は、ビックバン一秒前に存在します。そこには愛と調和がありました。宇宙は拡大からやがて縮小に転じて再度原点に戻ります。 | 時間も空間もなかった原点で、創造主は138億年後の地球をこのように意図していました。 | あなたの魂の青写真は原点で意図されていました。その時点の意図を生きるか、イマココの意図を生きるかはあなた自身に委ねられています。,あなたは原点がスタートで原点がゴールの旅をしています。 | あなたは物語がハッピーエンドで終わることを知っています。 | あなたは感情に流され没入することも、『ゆるゆる』することも選べます。 | あなたが旅の目的地を知れば知るほど『ゆるゆる』します。,私は私の人生の目的が魂の青写真どおりの経験を通して、感情を味わうことだと知っています。 | 私は人生の目的を知ることでエゴのゲームの夢から目覚めて、全てがひとつであったことを思い出すことを選択します。 | 私はこの宇宙のゴールが原点だとを知っています。原点は愛と調和です。そこまでの旅を『ゆるゆる』して楽しみます。
38,②－5,価値観,かちかん,Values,,,,,,母性の本質をひと言であらわすと『はぐくむ』となります。 | 『はぐくむ』というのは決めた未来につくための能力です。 | あなたが『はぐくむ』雰囲気を持ち、周囲の命を輝かせて決めた未来につけるように燃料を供給します。 | あなたの『はぐくむ』姿勢が未来とのギャップを埋めます。,あなたが『はぐくむ』と思うだけでエネルギーが沸き上がります。 | あなたが『はぐくむ』で示す母性の本質は人の命を輝かせます。 | あなたは『はぐくむ』雰囲気を持てば周囲は自然と成長していきます。 | あなたは宇宙の『はぐくむ』力で今日も生きています。,私は『はぐくむ』の母性の本質で人々の命の輝きを応援します。 | 私の応援は、決めた未来につくための燃料となります。 | 私は温かい『はぐくむ』の姿勢で意図の実現をサポートします。 | 私は『はぐくむ』の雰囲気をもって温かい目で見つめて励ますことにより、周囲にエネルギー循環を広げます。
39,③－5,はぐくむ,はぐくむ,Bring Up,,,,,,人は価値観に応じて、自分が正しいと思う選択をします。 | その人が価値観を育むためには、十分な理由と歴史があります。その価値観に基づく経験と感情が、その人の人生の第一目的です。 | 全ての人の行動はその人の価値観を元に行われています。 | 価値観は喜怒哀楽のドラマの燃料になっています。温かく見守りましょう。,あなたが自分を大切にする価値観を選べば感情に流されなくなります。 | あなたがあなた自身を大切にできない価値観は手放しましょう。 | あなたが価値観を変化させればあなたの選択は変化します。 | あなたは自分の価値観を大切にするので、相手の価値観を尊重できます。,私は私自身を尊ぶことにつながる価値観を選びます。 | 私は経験を通して感情を味わうことが人生の第一目的と知っています。 | 私は私が理解できない価値観を持つ人がいても、その人がその人なりの価値観を軸に行動していることを知っています。 | 私は私を大切にします。私は私と相手の価値観を尊重します。
40,④－5,意識,いしき,Conscious,,,,,,あなたが『ゆるゆる』な意識であれば、あなたの魂の望む行動ができます。あなたの意識を観察しましょう。 | あなたが高い波動を維持するには、『ゆるゆる』していること、第三者の目線で観察すること、感謝することが大切です。 | 自分の魂に直結した『ゆるゆる』な意識であれば、周囲に幸せが広がっていきます。,あなたが高い波動を維持すれば、喜怒哀楽のドラマにハマりません。 | あなたは元々は魂と直結し、純粋でクリアな高い波動でした。 | あなたの命は有限です。あなたの意識で生きる時間を増やしましょう。 | あなたの魂の望む選択を続ければ、人生の目的は明確になります。,私は自分の魂に直結した意識でいるために、心地よさを選択のモノサシとします。 | 私は自分を大切にして魂の選択を続けることで、『ゆるゆる』な高い波動の意識を維持します。 | 私は広がる豊かさと幸せの循環を受け取ります。
41,⑤－5,波動,はどう,Vibes,,,,,,宇宙はすべて波動でできています。あなたの波動はあなたの心臓により刻まれ周囲に広がっていきます。 | どんな波動を広げるかは、すべてあなたに委ねられています。 | 物事に対して『ありがたい』と思うか、『当たり前』と思うかで波動は上下します。,あなたは波動により周囲に影響を与えています。 | あなたが異なる結果を受け取りたいなら、波動を変えましょう。 | あなたが波動を変える一番のコツは『感謝』することです。 | あなたの代わりに役を演じてくれる人がいるから、あなたはあなたの役柄を演じることができます。,私は私が心地よいと感じる波動を維持します。 | 私は自分で自分の波動を選択します。 | 私は感謝することで自分の波動が上がることを感じます。 | 私は『ゆるゆる』の波動が周囲へ幸せを広げることを知っています。
42,⑥－5,蝋燭の炎,ろうそくのほのお,Candle Flame,,,,,,あなたはあなた自身の方法で愛を伝えるために生まれてきました。 | あなたは効率から離れる事により、奇跡を見つけるでしょう。 | 歴史を変えた開発者が行き詰ったときに、問題を解決するヒラメキが起きたタイミングは、川を流れる葉っぱをボーッと眺めている時でした。 | あなたが効率だけを考えていたらたどり着けない場所があります。効率から離れて心地よい選択を心がけましょう。,あなたの魂はあなたの夢への道筋を知るカーナビのようなものです。 | あなたの手間や思い、工夫、インスピレーションが奇跡の種です。 | あなたは効率を考える前に魂の声を聴きましょう。 | あなたは魂の声を聴くことで、最適な行動をすることができます。,私は効率が自分の幸せに直結しないことを知っています。 | 私は合理的や効率的でないことの中に奇跡の種があることを知っています。 | 私は自分の魂の声を聴き、自分が心地よい選択をします。 | 私は効率から離れて心地よい選択を続けて奇跡を経験します。
43,⑦－5,効率,こうりつ,Efficiency,,,,,,愛は消えもしないし、短くもならない蝋燭の炎に例えられます。あなたが誰かの蝋燭に火を灯しても炎は増えていきます。 | 水筒に入った水のように減ると勘違いしていると、愛をあげることをためらってしまいます。 | ドンドンと増えていく愛の炎。あなたの目の前の人に愛の炎の波紋を広げていきましょう。,あなたの眼差し、態度にありったけの愛を乗せて人と接してください。 | あなたは自分を尊び、自分に対してありのまま無条件の愛を注ぎます。 | あなたの愛は人に与えて循環している限り、増え続けていきます。 | あなたらしく愛を表現し、手渡すことを続けましょう。,私はありのまま無条件の真実の愛を乗せて行動します。 | 私は私と縁があった人に、ありのまま無条件の愛をこめて接し、相手の蝋燭に炎を灯していきます。 | 私は愛を渡しても減らないことを知っています。 | 私は愛が波紋のように広がり、増えていくことを知っています。
44,⑨－5,自然法爾,じねんほうに,Spontaneously As-Is,,,,,,季節が巡るのと同じように、起こることは自然に起こります。 | 自然法爾（じねんほうに）とはコントロールしないでありのままに身を任せることです。 | 魂は人生のカーナビです。あなたにとって自然に幸せになる道を示してくれています。,あなたは魂の声を聴いて自然法爾に生きましょう。 | あなたが愛を表現した結果、豊かになることは自然なことです。 | あなたは『ゆるゆる』することで宇宙の流れに身を委ねることができます。 | あなたの身体の感覚に従い、魂が望む方向に進みましょう。,私は魂の声を聴いて生きれば、豊かな人間関係、健康を維持できることを知っています。 | 私は魂の声を聴いて愛を自分の好みの形で表現して、無限の豊かさを広げます。 | 私はありのままに生きて、自然法爾に起きてくることを楽しみます。
45,⑧－5,感謝,かんしゃ,Gratitude,,,,,,体感覚と心地よさに身を委ねて魂の選択をすれば、奇跡が自然に起きます。 | 当たり前に思えることは実は何ひとつ当たり前ではないことに気が付いたとき、あなたは感謝を感じます。 | あらゆることに感謝ができるのは、全てにありのまま無条件の愛を向けることと同じ意味です。,あなたは37～44のカードを実行したときに『感謝』を感じています。 | あなたが感謝をすればあなたの波動が上がります。 | あなたは感謝をすると対象物からエネルギーを受け取ります。 | あなたが不平を言うと、現実が変わるスピードは遅くなります。,私は当たり前と感じることにも感謝を見つけます。 | 私は私が感謝をすれば全てがより輝くことを知っています。 | 私は感謝が自分の波動を高めることを知っています。 | 私は未来を感謝しながら映像化して、意図を現実化します。
46,①－6,今茲,いまここ,Now Here,6グループ,第五チャクラ,青,北西,乾（21時）,時間は幻想です。過去も未来も実際には存在せず、イマが永遠に続いていきます。 | あなたがイマココに意識を向ければ、あなたが望む未来を作り上げることができます。 | 過去は記憶、未来は想起です。どちらも現実ではありません。イマココの現実を見つめましょう。,あなたがイマココに感謝をもって意識を向ければ、無制限の力が使えます。 | あなたが過去や未来に囚われれば、あなたの力を制限することになります。 | あなたがイマココを受け止めることと、未来の映像化は同時に行われます。 | あなたが自分自身を大切にすることと、イマココを生きることは同じ意味です。,私はイマココをありのままに受け取ることで、私の持つ無制限の力を発揮します。 | 私は過去の意図の結果をありのまま受け取ります。  | 私はイマココで望む未来を明確に意図し、現実化させます。 | 私はイマココを生きて自分を大切にします。
47,②－6,受容,じゅよう,Acceptance,,,,,,子供の本質をひと言であらわすと『わくわく』となります。 | ビックバン一秒前に全ての経験したいことを、魂の青写真に詰め込んだ創造主は『わくわく』でいっぱいでした。 | 『わくわく』の雰囲気をもって行動すれば、意図は現実化します。 | 変化し続けるのが宇宙の本質です。『わくわく』して楽しみましょう。,あなたが『わくわく』を感じるとエネルギーが生まれます。 | あなたの『わくわく』は決めた未来に到達する燃料です。 | あなたが『わくわく』を持って未来を見れば、意図は現実化します。 | あなたの『わくわく』はイマと未来のギャップを埋める魔法です。,私は意図した未来につけるよう『わくわく』して自分の命にエネルギーを与えます。 | 私は『わくわく』の姿勢で、意図の現実化を楽しみに待ちます。 | 私は魂の青写真に経験したい出来事と感情を記しました。 | 私は全ての経験が魂の青写真から見れば成功ということを知っています。
48,③－6,わくわく,わくわく,Excited,,,,,,あなたが自分自身のありのままを受容すれば、他人のありのままを受容し、受け入れることができます。 | 意図を上げて、全ての経験を通して全ての感情を味わうことが、宇宙の創造主の原点の計画です。裁く必要のあることは何ひとつありません。 | 自分と他人のありのままを受容することを始めましょう。 | そこにはありのまま無条件の愛があふれています。,あなたが自分のありのままを受容することが自分を尊ぶ第一歩です。 | あなたが魂の青写真に記した経験と感情を味わうために、今までの全ての出来事がありました。 | あなたは自分自身をありのままに受容することで、自分自身が最も欲しかったものを自分に与えることができます。,私は私自身をありのまま無条件に受容します。 | 私が経験した人生の一つ一つの出来事は、自分が魂の青写真に記し心の底から経験したいことでした。 | 私は自分のありのままを受け入れて、他人のありのままもジャッジすることなく受け入れます。
49,④－6,欲求,よっきゅう,Desire,,,,,,あなたの全ての行動の背景には欲求があります。この欲求を観察すると、自分の魂が望む行動なのか、自分のエゴが望む行動なのかがわかります。 | エゴの欲求は独善的で独りよがりです。魂の欲求は全体最適ですべてが幸せになる選択です。どちらを選ぶかはあなたの選択です。 | あなたは感情を観察すれば、欲求の種類を見分けられます。,あなたの魂の欲求よる選択は、全てに豊かさをもたらします。 | あなたが魂の欲求をカタチにすると、ありのまま無条件の愛にあふれます。 | あなたが自分に与えたありのまま無条件の愛を周囲にあたえましょう。 | あなたは周囲に本質的な欲求である無条件の愛を与え、豊かになります。,私は私の魂が望む欲求をカタチにしていきます。 | 私が、魂から求めることは『ゆるゆる』すれば、インスピレーションとしてわかります。 | 私は魂の欲求は周囲に調和をもたらすことを知っています。 | 私はアゴを上げて顔の力を抜いて魂の欲求を選択します。
50,⑤－6,選択,せんたく,Choice,,,,,,あなたが選択をするとき、自分の心臓を意識しましょう。そして、心臓が何となくゆるんだり広がるような選択をしましょう。 | 心臓が何となくキュッとなったり縮むような選択は、たとえ合理的だったり効率的に見えても、魂の欲求に基づく選択ではありません。 | あなたは選択の都度、波動の違う次元に移動しています。,あなたがもっとも心地よいと感じる波動を選択をしましょう。 | あなたの心臓の出す周波数にあった現実が周りに展開します。 | あなたは選択の時、自分の心臓を意識して心臓が緩む選択をしましょう。 | あなたの意図した未来にたどり着くために、心臓に意識を向けましょう。,私は損得や合理性などの判断を手放し、心地よさやしっくりくる心臓からのサインで選択します。 | 私は数々の奇跡は損得や合理性ではなく、偶然としか思えないきっかけで起きたことを知っています。 | 私は心臓からのサインで何事も選択し奇跡を選びます。
51,⑥－6,真実,しんじつ,Truth,,,,,,ビックバン一秒前の原点は全てがひとつでした。ビックバンで二極を作って、光と闇、善と悪などをこの三次元では経験しています。 | この世界に存在する全ての人が、経験と感情を味わうための役柄を演じています。 | 二極の中のあらゆる感情を再現するために、全ての出来事が起きています。それらの人々をジャッジすることなく温かい眼差しで見つめると、彼らもいずれ目覚めます。,あなたが二極の世界にいたからこそ、喜怒哀楽の感情を味わえました。 | あなたがもう十分経験と感情を味わったと決めれば目覚められます。 | あなたはひとつだったことを思い出せば目覚められます。 | あなたは目覚めとともに、元々の本質であった至福を思い出します。,私は二極の価値観から離れて、全体最適を実現する生き方へシフトします。 | 私は二極の価値観から離れると今まで感じていた不安と恐怖が無くなることを知っています。 | 私は全ての経験と感情を味わいつくした今、対極によってその感情を味わう必要はなくなったので、目覚めることを選択します。
52,⑦－6,二極,にきょく,Bipolar,,,,,,あなたは自分の真実に沿って生きています。 | あなたの真実があなたの現実を作ってきました。 | あなたの真実をあなたを幸せにする大好きなことに上書きしましょう。 | あなたが今まで信じてきた真実を、あなたを幸せにする大好きなことに上書きすることによって、あなたの現実は変化していきます。,あなたが信じたことは波紋のように広がっていきます。 | あなたがあなたの真実を生きれば、周囲の人々も真実を生き始めます。 | あなたが見つけた真実を生きることは、あなたと世界を幸せにします。 | あなたの真実はあなただけのものです。,私は私を幸せにする大好きなことを私の真実として生きます。 | 私は選択をする時に、私の真実を意識して魂の声を聴きます。 | 私が自分を幸せにする大好きな自分の真実を生きるとき、私の周囲には豊かさ、幸せ、調和の波紋が広がります。
53,⑨－6,調和,ちょうわ,Harmony,,,,,,あなたの身体の数十兆個の細胞は全てが調和しています。 | 宇宙も人体に例えられすべてが調和しています。 | 不調和に見えることも大調和への通過点です。 | あなたの魂は大調和への生き方を知っています。,あなたは宇宙がカオスと調和を繰り返していることを知っています。 | あなたが調和をしていれば、あなたの周囲に調和が広がります。 | あなたが自分をありのまま無条件に愛すことがあなたの調和です。 | あなたの魂の選択はいつでも全体最適な調和につながっています。,私は不調和が通過点だと知っているので、冷静に観察することができます。 | 私がカオスを求めることも、調和を求めることも、私の選択次第です。 | 私は私自身にありのまま無条件の愛を注ぎ、私から調和の波紋を広げます。 | 私の調和した状態から出るエネルギーや言葉は、周囲を癒していきます。
54,⑧－6,真理,しんり,Verity,,,,,,ビックバン一秒前の原点に始まり広がり切った宇宙は、やがて原点に向かって収縮し一点に戻ります。 | 長い目でみると原点に戻ることが、宇宙の唯一の真理であり未来です。 | 原点には至福しかありませんでした。旅の最終目的地はハッピーエンドです。旅の過程を楽しみましょう。,あなたは46～53のカードを実行したときに『真理』を見つけます。 | あなたが真理を知り未来を映像化することにより、意図は現実化します。 | あなたは真理を知ることにより、不安と恐怖を見つめることができます。 | あなたが真理を生きていれば、あなたはあなたを大切にします。,私は宇宙が至福であった原点に戻ることを真理として知りました。 | 私は真理に沿った生き方が、調和や豊かさに繋がることを知っています。 | 私は真理を知り真理を生きるように意図を上げます。 | 私はその生き方を通して、調和や豊かさを手に入れます。
55,①－7,内なる平和,うちなるへいわ,Inner Peace,7グループ,第六チャクラ,藍色,西,酉(18時),世界平和を望むのであれば、まずあなたが自分自身の内なる平和を感じましょう。 | 周囲の環境に反射的に反応せず、自分が望むように対応していけば、あなたは内なる平和を感じられます。 | あなたはあなたを幸福にする責任があります。,あなたがこの世で唯一思い通りになるのはあなた自身です。 | あなたがあなたを幸福にできるかは、全てあなたの選択にかかっています。 | あなたは選択の結果、内なる平和を感じる事ができます。 | あなたの感じている内なる平和が世界平和へとつながります。,私は私自身にありのまま無条件の愛を注ぐことにより、自分の内なる平和を感じます。 | 私は『出したものを受け取る』という宇宙の法則を知っています。 | 私は内なる平和を感じ、調和の波紋を広げます。結果として私は調和を受け取ります。
56,②－7,電球交換,でんきゅうこうかん,Bulb Replacement,,,,,,あなたが魂の選択を行えば宇宙の流れに乗るので、奇跡としか思えないことを実現できるようになります。 | 意図→ゆるゆる→行動を実践し、宇宙の流れを信じている人はみんな奇跡を起こしています。 | 奇跡は人との出会いから始まります。奇跡を呼ぶ出会いのためには、合理的や損得、効率から離れて、心地よいと感じる選択をしましょう。,あなたが起こす奇跡は周囲に豊かさと笑顔をもたらします。 | あなたの直感や心臓がゆるむ感覚を大切に選択を行いましょう。 | あなたが意図→ゆるゆる→行動すれば自然に現実化します。 | あなたが起こす奇跡は宇宙全体の喜びです。,私は自分が心地よいと感じる魂の選択をします。 | 私は魂の声を聴いているので『ゆるゆる』しています。 | 私は『ゆるゆる』しているので奇跡を受け取ることができます。 | 私が心地よさを感じながらしたことは、奇跡と心地よさを連れて帰ってきます。
57,③－7,奇跡,きせき,Miracle,,,,,,あなたが望まない感情を味わっているなら、電球交換するように望まない感情を取り外して望む感情に付け替えましょう。 | あなたが自分からみて左の壁は自分の思い通りにならないこと、右の壁は自分の思い通りになることと設定してみましょう。 | 他人を変えようとすることは左の壁。正午に『なぜまだ夕焼けが見えないんだ』と叫ぶのと同じようなことです。右の壁に集中して自分で感情を選択しましょう。,あなたの感情にはあなたが自分で責任をとりましょう。 | あなたが感情を十分味わったら、感情をトイレに流すように流しましょう。 | あなたが味わいたい感情を選択すれば、あなたが望む感情だけを選べます。 | あなたが感情を切り替えるためのスイッチをいくつか作りましょう。,私は私を大切にしているので、感情に流される選択を選びません。 | 私は私が抱く感情に自分で責任を取ります。 | 私は電球を交換するように自分が望む感情を選択します。 | 私は例えばケーキを食べるとか、歌うとか、アゴを3センチ上げて顔の筋肉を緩めるとかして、感情を切り替えるためのスイッチを押します。
58,④－7,執着,しゅうちゃく,Attachment,,,,,,肉親や子供や自分の命に対する執着は、強烈なエゴのドラマの燃料となってきました。 | 自分の価値観や考え方に執着すれば、それと異なるものに痛みや不調和を感じます。 | 自分から出したものは自分に返ってきます。出来事に対して冷静な観察をして対応できれば、自分の出すものを調節できます。,あなたは感情を伴うドラマのそばに執着を見つけられます。 | あなたの執着は好みが固着してしまったもので、あなたの自由を奪います。 | あなたの未来から観察をすれば執着を手放すことは簡単です。 | あなたが自分を大切にする選択をするなら執着を手放すでしょう。,私は私の執着を観察して軽さや柔軟性のある好みに変えていきます。 | 私は執着が感情の燃料になっていることを知っています。 | 私は『ケセラセラ』と唱え執着を水に流してしまいます。 | 私は執着より好みを選びます。
59,⑤－7,観察者,かんさつしゃ,Observer,,,,,,創造主の視点で観察してみれば、全ては予定通りに展開していることに気が付きます。創造主は観察者です。 | 全ての経験を通して全ての感情を味わうことが、観察者の第一の目的でした。その観察者の目線で全てを温かい目で見つめましょう。 | 歴史を振り返ってみても残酷な出来事が、平和の礎となっている場合が多くあります。時空を超えた観察者は全てを知っています。,あなたの価値観を観察者の視点で見て変化させましょう。 | あなたは感情を味わっている時に執着しているものを冷静に観察します。 | あなたが観察者の視点を持てばあなたを大切にできるようになります。 | あなたが観察者の視点を持つことが、あなたが最も高く純粋な波動を維持するための魔法です。,私は宇宙の創造主の観察者の目線で全てを観察します。 | 私はジャッジしないで冷静に観察し、全ての出来事の背景にある創造主の意図を観察します。 | 私は観察者の目線ですべてを見るので、自分を大切にできます。
60,⑥－7,信頼,しんらい,Trust,,,,,,明日の朝ご飯が食べれることを期待する人は少ないはずです。当たり前にご飯が食べれることを知っているからです。 | 期待とは、それが実現しないかもと不安と恐怖を抱いている現れです。 | 相手に期待をするということは、自分の望む未来を相手に押し付けているとも言えます。,あなたは未来から自分を見て期待から離れることができます。 | あなたが期待から離れれば意図の現実化は早まります。 | あなたが宇宙の流れを信頼すると意図はかなっていきます。 | あなたはもともと未来を知っています。思い出すだけでよいのです。,私は期待を手放して、不安や恐怖を見つめます。 | 私は意図したものは最適なタイミングで現実化することを知っています。 | 私は意図が叶わないことに不安を感じることはありません。 | 私は相手に期待をすることなく、信頼を向けて相手の命を輝かせます。
61,⑦－7,期待,きたい,Expectation,,,,,,根拠に基づく信用とは異なっていて、信頼とはあなたがただ相手に向ければよいものです。 | エゴの固い殻の内側には誰もが輝く魂を持っていて、いつか魂の選択をスタートし、目覚めます。 | これを知っていればあなたが相手を信頼することは簡単です。相手を信頼すれば信頼が返ってきます。,あなたは相手に無条件の愛に基づく信頼を向けることができます。 | あなたは相手の命に対する根源的な信頼を感じています。 | あなたの信頼は相手に命の奇跡を思い出させます。 | あなたが相手を信頼の目で見るとき、その人はそれに相応しい人になるでしょう。,私は全ての人々はエゴのゲームの夢から目覚め、魂の選択に沿って生きる旅の途中だと知っています。 | 私は相手の魂の美しさや命の輝きを知っているので、私が相手を信頼することは自然なことです。 | 私が相手に向ける信頼は、相手に気づきと癒しをもたらします。
62,⑨－7,多様性,たようせい,Diversity,,,,,,人には魂がひとつづつあるので、百人百様の多様性がこの地球を彩り豊かにしています。 | あなたが自分の魂から望むものに意識を向ければ、他人が魂から望むものに意識を向けられます。 | 相手を自分と同じモノサシで測ろうとしなければ、痛みが生じることもありません。,あなたは相手の人間性を理解する必要はありません。 | あなたは相手の人間性を本当の意味で理解することもできません。 | あなたは相手の人間性を解釈することなく、認めればよいだけです。 | あなたは多様性がこの宇宙を豊かにしていることを知っています。,私は人間それぞれに魂があり、その魂は多様性をもって存在していることを知っています。 | 私は自らの魂の声を聴いて多様性を認め、相手のありのままを認めます。 | 私はエゴのゲームから目覚めてひとつに戻っていく旅の途中で、多様性を楽しみます。
63,⑧－7,無礙,むげ,Free,,,,,,いずれすべては原点に戻る宇宙の真理を知った後に、何かにこだわる必要があるでしょうか。 | こだわりを全て捨てた境地が無礙（むげ）の境地です。 | 引っかかるものが何もない自由の極みにいる自分を意図できたら、これ以上の幸せはありません。,あなたは55～62のカードを実行したときに『無礙』の境地にいます。 | あなたは意図→ゆるゆる→行動して、意図を自由に現実化させていきます。 | あなたはあなた以外の何ものにも妨げられず、何の障害もありません。 | あなたは制限のある三次元の肉体を持ちながらも、いずれは全てが原点に戻ることを知り自由自在になります。,私は全てのこだわりや執着を捨てて無礙の境地に到達します。 | 私は肉体の命が終わるときに持って帰れるものは、少しの経験の記憶と感情だけということを知っています。 | 私が原点から始まった宇宙が原点に終わることを知れば、執着やこだわりを捨てることは簡単です。
64,①－8,光,ひかり,Light,8グループ,第七チャクラ,紫色,東北,艮（3時）,はじめにあり、イマあり、やがてあるものは光だけです。 | 宇宙にあるすべての物質は光の波長が異なって表れています。すべてが光で出来ています。 | 頭上から降り注ぐ光は宇宙の愛です。太陽から注がれる宇宙の愛の光を、全身で受け取りあなたらしく表現しましょう。,あなたはあなたらしく、宇宙の光を表現するために存在しています。 | あなたが言葉に光を乗せて話すとき相手は光に包まれます。 | あなたは光だったことを思い出すだけで、あなたからまばゆい光が解き放たれます。 | あなたの光は広がり宇宙を明るく照らしていきます。,私は私が光だったことを思い出し自分らしく輝きます。 | 私は私の光を私らしく周囲へ伝えていきます。 | 私は相手が心地よいと感じる程度に私の光を調節し照らします。 | 私の光を含んだ言葉は相手の命を輝かせます。
65,②－8,委ねる,ゆだねる,Surrender,,,,,,宇宙全てのものを大切にする人は、自然に自分のエネルギーや、意図、思考、言葉、行動が丁寧になっていきます。 | あなたに丁寧でない瞬間があるとしたら、あなたのエゴが活発化している証拠です | 人に意識があるのと同じようにモノにも意識があります。あなたがモノに対して丁寧に接すれば、モノはあなたの波動を整えるのに協力してくれるでしょう。,あなたが丁寧な波動をだせばあなたは丁寧な波動を受け取ります。 | あなたが丁寧に生きればあなたの周りには癒しと笑顔があふれます。 | あなたがあなたらしく丁寧に生きることは宇宙の喜びです。 | あなたのセンスで丁寧をあなたの命が終わりを迎えるその日まで磨き上げることは、あなたに託された願いでもあります。,私は私らしく自分の丁寧さを磨き上げていきます。 | 私が丁寧さを磨く過程で、私は多くの気づきを得て自分のエネルギー、意識、言葉、行動、波動を整えていきます。 | 私が丁寧になればなるほど、私の周りに癒しと笑顔があふれていきます。それは私の喜びであり宇宙の喜びでもあります。
66,③－8,丁寧,ていねい,Courtesy,,,,,,あなたが宇宙を信頼することと、あなたが宇宙にあなたを委ねることは全く同じ意味です。 | あなたが頭脳で考えるよりも、感覚や心地よさに身を委ねることであなたの人生の目的が見えてきます。 | あなたができることとできないことを知り、こだわりを捨てて委ねきったところに『ゆるゆる』の秘訣が隠されています。,あなたはあなたの心と身体を選んで魂の青写真を書きました。 | あなたは委ねることにより、あなたの魂の青写真を見つけます。 | あなたがコントロールできないことは宇宙に委ねてしまいましょう。 | あなたが委ねたことはあなたが責任を取る必要はありません。,私は全ての存在が最適最善を生きていることを知っています。 | 私は私にとっての最適最善を生きるために、宇宙の流れを信頼して自分の魂や心地よさに選択を委ねます。 | 私は選択を魂に委ねることにより、魂が知っている全体最適の結果を受け取ります。
67,④－8,神秘,しんぴ,Mystery,,,,,,奇跡の背景には神秘が隠されています。 | 努力や効率を超えた神秘的な力を背景として奇跡が起きています。 | あなたはあなたらしく神秘を実現します。 | あなたが神秘を発見したり観察することにより、意図→ゆるゆる→行動のもつ魔法の力が手に入ります。,あなたが丁寧に生きれば、あなたは様々なところに神秘を発見します。 | あなたが丁寧に生きる過程で、あなたらしい神秘を発揮していきます。 | あなたは自分の中にも相手の中にも神秘を見つけることができます。 | あなたの波動次第であなたの人生は神秘的なものになります。,私は私らしく神秘を見つけて実現し、奇跡を起こします。 | 私は丁寧に生きて気づきを増やし、多くの神秘を発見します。 | 私は自分の中にも相手の中にも神秘を見つけ、奇跡を起こします。 | 私は自分の波動を高めて人生を神秘的なものにします。
68,⑤－8,森羅万象,しんらばんしょう,All Creations,,,,,,この宇宙に存在する森羅万象（しんらばんしょう）、万物は波動でできていて、波動で繋がっています。 | 水が高いところから低いところに流れるのと同じように、エネルギーも高い波動が低い波動に影響を与えます。 | あなたが波動を上げても、それにともなったものが周囲にないとしたら、あなたはそれが来ることを拒んでいます。,あなたはあなたが心地よいと感じることだけをすればよいのです。 | あなたはあなたの波動にあったものに囲まれるようにしましょう。 | あなたの望まないものが周囲にあるなら、あなたの波動を変えましょう。 | あなたに不調和があるとしたら、その道はあなたが進む道ではありません。,私は森羅万象、万物すべては波動でできていてつながっていることを知っています。 | 私は自分が望む波動を維持してそれにふさわしいものを引き寄せます。 | 私は自分の波動と異なっているものを手放します。 | 私は心地よいと感じるものを選択して苦と感じるものを手放します。
69,⑥－8,共鳴,きょうめい,Resonance,,,,,,アダムとイブは林檎を食べる前は、身体は別でしたが意識はひとつでした。 | あなたは喜怒哀楽の感情を欲して、自ら進んで林檎を食べました。 | 林檎を食べたとたんにエゴの意識が生まれ、イブは胸を隠して木陰に隠れました。全てのエゴのドラマはこの林檎を食べたことに始まりました。 | 林檎を食べない限り経験をしても感情を味わうことはできないことを知っていたからです。,あなたが林檎を自分で食べたことを思い出せば、林檎の解毒は完了します。 | あなたが感情を味わうために役柄を引き受けてくれた人に感謝しましょう。 | あなたは今世はあなたという肉体とこころを選んで生まれてきました。 | あなたが肉体を持ったまま目覚めるのは先祖全員の願いでもあります。,私は私が経験を通して感情を味わうために、林檎を食べてその林檎の毒によりエゴのゲームの夢を見ていました。 | 私は私が自分で林檎を食べたことを思い出して、林檎の毒を解毒します。 | 私は喜怒哀楽のドラマを楽しむ人生のステージから、全てを祝福してひとつへ戻るステージへとシフトします。
70,⑦－8,林檎,りんご,Apple,,,,,,全ての存在は互いに共鳴し、相手に影響を与えています。 | 心地よい波紋の共鳴が広がることは、世界を豊かに幸せにします。 | あなたがこの時代を選び、あなたが夢から覚める役を引き受けました。 | あなたが広げる波紋と共鳴する人たちとつながれば、あなたの波紋はより広がっていきます。,あなたがこの役を演じるために先祖全員の命がありました。 | あなたがエゴのゲームの夢から覚め、目覚めの波動を共鳴させていきます。 | あなたが戻る場所はひとつ。至福であり無限の愛である原点です。 | あなたが自分自身をありのまま無条件の真実の愛で包めば、その波紋が周囲に共鳴します。,私は私のエネルギーの状態が宇宙全体に波紋を広げて共鳴し、影響を与えることを知っています。 | 私から発せられるありのまま無条件の真実の愛の波動は、周囲に共鳴して幸せと豊かさをもたらします。 | 私は私の思いを波紋のように広げ共鳴させていきます。
71,⑨－8,天の計らい,てんのはからい,Divine Will,,,,,,人生を変えるような出来事や出会いは天の計らいが起こしています。 | あなたが人智を超えたものに畏敬の念を持ち、あなたの意図が叶うのをわくわくしながら『ゆるゆる』待っていましょう。 | そうすればあなたは天の計らいを受け取り、あなたが思いもかけないような形で意図が現実化します。,あなたが命を授かったことは奇跡中の奇跡でしかありません。 | あなたは命をあなたの魂の欲求を満たすために使えます。 | あなたは命に感謝をすることにより、天の計らいを受け取ります。 | あなたの命は天の計らい、奇跡の原動力です。,私は私がこの世に生を享（う）けたことが天の計らいだと知りました。 | 私は私と同じようにこの世に生を享けた全ての存在が天の計らいによるものだと知っています。 | 私は全ての命に畏敬の念を払い感謝することにより、天の計らいを受け取っていきます。
72,⑧－8,消えゆく姿,きえゆくすがた,Evanescent,,,,,,誰かが上げた意図は現実化すると消えていきます。現実化したことすべては『消えゆく姿』です。悪い出来事も現実化すれば消えていきます。 | 原点の一点に始まった宇宙はやがて原点の一点に終わります。 | 原点には、愛、光、感謝しかありませんでした。 | いずれ原点に戻る旅です。物語はハッピーエンドで終わります。,あなたは64～71のカードを実行したときに『消えゆく姿』を感じています。 | あなたは未来から見ることにより、全てが『消えゆく姿』だと知ります。 | あなたは現実の『消えゆく姿』を見て、全てよくなる未来を見ています。 | あなたの肉体も『消えゆく姿』のひとつ。イマココを生きましょう。,私は目に見える全てのものが消えゆく姿を現していることを知っています。 | 私は一期一会を大切に生きます。 | 私はイマココをありのままに受け取ります。 | 私は『消えゆく姿』と『全てよくなる未来』を見つめます。
73,①－9,至福,しふく,Bliss,9グループ,陽極,白,南,午（12時）,生命の本質は至福です。エントロピーの増大により宇宙はバラバラになって散らばっていく一方です。 | 生命だけがエントロピーの増大に逆行して、まとめ上げてみずみずしい姿を維持しています。 | 至福を感じている人が街にあふれたら、その街は至福の街になります。至福のわが家、至福の街と広げて至福の世界を実現しましょう。,あなたは命の本質の至福をあなたらしく表現しましょう。 | あなたは、あなた自身の至福を持っています。 | あなたが命のある限り至福を感じていることが、宇宙の喜びです。 | あなたの魂に聴くと答えが返ってきます。その答えを心臓で受け取り、行動していってください。,私は、愛、喜び、力、原点、今茲、内なる平和、光を私らしく表現し、私の本質である『至福』を生きています。 | 私が私の至福を表現すると、私の周囲もその人らしい至福を表現していきます。 | 至福の輪が広がると、世界はより豊かに平和になっていきます。
74,②－9,ゆるゆる,ゆるゆる,Relax,,,,,,ビックバン一秒前の原点。時間も空間もないその一点を意識してください。そこに『空（くう）』があります。 | 全てがあって全てがない状態。何者にもとらわれない至福の状態。 | 空は、愛とも光とも言い換えることができます。この宇宙に満ち溢れているすべてのエネルギーです。 | 現代では生まれながらにして『空』の感覚を持っている人が増えています。,あなたはもともと何にもとらわれない至福の『空』の状態でした。 | あなたは思い出すだけで『空』の状態に戻ることができます。 | あなたが『空』の状態でいれば、周囲には自然と至福が広がります。 | あなたはグラウンディング、センタリングをして『空』に繋がります。,私は、循環、心地よさ、できるよ、はぐくむ、わくわく、奇跡、丁寧な雰囲気を持ち、私らしく『空』を体現します。 | 私はもともと『空』の状態でした。 | 私はそれを思い出すことにより、『空』の状態にもどります。 | 私が『空』の雰囲気を広げて、周囲の命をより輝かせます。
75,③－9,空,くう,Empty,,,,,,あなたが『ゆるゆる』して不安と恐怖から離れると、あなたの上げた意図は最も適切なタイミングで現実化します。 | あなたはあなたらしく『ゆるゆる』して、オリジナルの愛を周囲に広げていきます。 | 愛を敢えて言葉にすれば『ゆるゆる』です。相手をゆるませる、エネルギー、眼差し、言葉は、相手の命を輝かせます。,あなたが『ゆるゆる』していることはあなたの本質の姿です。 | あなたは、ただ存在して『ゆるゆる』していましょう。 | あなたが『ゆるゆる』していることは宇宙全体の願いでもあります。 | あなたの『ゆるゆる』を広げて世界を平和に豊かにしていきましょう。,私は、経験、好み、感情、価値観、受容、電球交換、委ねることを自分を大切にする視点から見て『ゆるゆる』するために生きています。 | 私は私を大切にすると選択しているので『ゆるゆる』を選択します。 | 私は『ゆるゆる』して、周囲にも『ゆるゆる』を広げていきます。 | 私の『ゆるゆる』は、全ての存在を大切にする燃料となります。
76,④－9,行動,こうどう,Action,,,,,,意図をあげて『ゆるゆる』して、ヒラメキから３秒以内に行動できれば、意図は現実化していきます。 | 適切なタイミングで適切な行動をすることが現実化のポイントです。 | 何となくひらめいたり、感じたことを即行動に移しましょう。 | すぐに行動できるように周囲の環境を整えて『ゆるゆる』しましょう。,あなたは環境を整えさえすれば、何事もすっと行動に移すことができます。 | あなたは自分のエネルギーを整えていくと、もっと行動しやすくなります。 | あなたの行動の質があがれば、結果は望み通りのものとなっていきます。 | あなたが観察して行動をするとき、あなたは望むものを得ているでしょう。,私は、エネルギー、責任、関数、意識、欲求、執着、神秘を観察し、私らしく『行動』していきます。 | 私は意図を現実化するためにヒラメキを３秒以内に行動に移します。 | 私はヒラメキを行動に変えて、意図を現実化していきます。 | 私は『ゆるゆる』していることにより、行動のチャンスを逃しません。
77,⑤－9,わんねす,わんねす,Oneness,,,,,,ビックバンは原点の一点から始まりました。 | 宇宙は全て同じ部品でできていて、ひとつです。 | 宇宙自体が身体のように全てが連携して調和がとれています。 | 全ての存在が愛を求めるか、愛を表現しています。ワンネスの意識を持ってあなたらしくそれに応えていきましょう。,あなたは宇宙があなたを通して体験したいことを体験しています。 | あなたがあなたらしく生きることがワンネスを生きるということです。 | あなたがワンネスの意識を持って世界を見るとき、あなたはそこに愛を見ることでしょう。 | あなたが愛を思い出すにつれて、あなたの命はより輝いていきます。,私は、湧出、あたえる、因果、波動、選択、観察者、森羅万象の心臓からのサインを受け取り、私らしく『ワンネス』を体現していきます。 | 私は全てがひとつであるワンネスの旅を私らしく楽しみます。 | 私は自分が自分らしくあることで、全ての存在が全ての存在らしくあることをサポートします。
78,⑥－9,よきかな,よきかな,Well Done,,,,,,あなたは、命、安定、努力、効率、二極、期待、林檎から離れて涅槃（ねはん）にたどりつきます。 | エゴのドラマの物語の燃料が、いろいろなものから離れることで明確に見えます。 | 涅槃は悩みや不安のない、幸せで和やかな境地です。 | 地球の波動が変化した現代では、肉体を持ったまま涅槃の境地にいる人たちが増えています。,あなたが『よきかな～』と温泉気分で涅槃の境地にいましょう。 | あなたが涅槃を体現することで、人生の目的は明確になります。 | あなたが涅槃の境地を他の人に広げ、目覚めさせていく時代です。 | あなたはこのために、あなたを選んで生まれてきました。,私は命、安定、努力、効率、二極、期待、林檎から離れて不安や恐怖を見つめて、『涅槃』の境地にいます。 | 私は『よきかな～』と全てを祝福して涅槃の境地にいます。 | 私は日々私らしく涅槃を体現していき、周囲に涅槃を広げていきます。 | 私はこのために、私を選んで生まれてきました。
79,⑦－9,涅槃,ねはん,Nirvana,,,,,,あなたが宇宙に広げる究極の波紋が『よきかな～』です。あなたは『よきかな～』の魔法で全ての存在を祝福します。 | 相手がエゴの思考にハマっていても、あなたの『よきかな～』の祝福により相手は『ゆるゆる』できます。 | あなたはあらゆるものを祝福することで、あらゆるものから祝福される存在となります。,あなたの『よきかな～』は相手の魂の選択のきっかけになっていきます。 | あなたの『よきかな～~』の波紋の周りには、気づきと癒しがあります。 | あなたの『よきかな～』の祝福が、その人の魂に光を入れます。 | あなたが『よきかな～』と言葉にするだけで、あなたの周りに奇跡が起きます。,私は、純粋、ほっこり、ユーモア、蝋燭の炎、真実、信頼、共鳴を波紋として広げて、『よきかな～』と全ての存在を祝福していきます。 | 私は全てが元々ひとつであったこと、今は分離をして様々な経験と感情を味わっていること、最後はひとつに戻ることを知っています。 | 私は世界で起きているすべてのことを『よきかな～』と祝福します。
80,⑨－9,しっくり,しっくり,Fit Nicely,,,,,,あなたが何をするにもしっくりする選択を選びましょう。あなたのために、あなたの周囲のために、そして宇宙のために。 | あなたは魂の声を聴く生き方へシフトすると、様々なものがしっくりとフィットする感覚を感じるでしょう。 | あなたがしっくりくるご縁を選ぶことは、全ての人に幸せをもたらします。,あなたの魂の望む選択をしたとき、しっくりした感覚を味わいます。 | あなたのしっくりする選択は全ての人の幸福、大調和につながっています。 | あなたがしっくりくる形で愛を表現すれば、豊かさが広がっていきます。 | あなたが違和感に敏感になり『しっくり』を選択するのは魂の喜びです。,私は、体感覚、幸福、八紘一宇、自然法爾、調和、多様性、天の計らいを魂のメッセージとして受け取り、私の『しっくり』を私らしく表現して生きていきます。 | 私の魂は宇宙に直結しているので、全体最適の答えを知っています。 | 私は魂の声を聴いて、自分がしっくりする奇跡を生きていきます。
81,⑧－9,意図,いと,Intention,,,,,,人間が持つ最大の力は、意図する力です。 | あなたが、人類がエゴのゲームの夢から覚めることを意図すれば、それは現実化します。 | あなたがエゴのゲームの夢から覚め、あなたの魂の喜びに沿った意図を上げれば世界に調和が広がります。,あなたは73～80のカードを実行したときに意図を活用できます。 | あなたは意図することにより、望みを現実化できます。 | あなたはあなたが本当に得たい未来を意図しましょう。 | あなたの魂の意図は、あなたの喜びであり、宇宙の喜びでもあります。,私は、躍動、畏敬、らしさ、感謝、真理、無礙、消えゆく姿を感じながら映像化して私自身の意図を上げ続けます。 | 私は私の意図を映像化して、実現してきたことを知っています。 | 私は魂の喜びに沿った意図をあげます。そして『ゆるゆる』し行動することによって、現実化をしていきます。
